{"mean": 390.0311023884101, "scale": 91.65461431646318}