{"mean": 453.77779056421434, "scale": 94.68647845378446}