{"mean": 293.4045356240839, "scale": 108.1444561585937}