{"mean": 466.1717591042051, "scale": 95.93870266005074}