{"mean": 300.49695697258693, "scale": 102.46832935468814}