{"mean": 392.095212489247, "scale": 88.85491129505598}