{"mean": 396.93675384875235, "scale": 89.29322575658792}