{"mean": 479.3439158910534, "scale": 90.04819835856352}