{"mean": 303.4745217010524, "scale": 95.43780417752872}