{"mean": 475.3485972895281, "scale": 68.3399170742216}