{"mean": 444.945408168166, "scale": 96.67563424780926}