{"mean": 454.85643593734835, "scale": 101.03905337236647}