{"mean": 312.3137327948388, "scale": 94.45547703751738}