{"mean": 464.58690764749167, "scale": 97.06413871712859}