{"mean": 413.96917481602196, "scale": 115.1849700317865}