{"mean": 436.45814132404746, "scale": 83.39690719928358}