{"mean": 396.92061741731504, "scale": 104.31906362241533}