{"mean": 422.01711766444754, "scale": 121.57618704714591}