{"mean": 372.4742110735183, "scale": 115.94711341770665}