{"mean": 472.89139106955355, "scale": 91.09402264565662}